DateRaw,Ticker
2025-05-22,GSTX
2025-05-22,WSTL
2025-05-22,STRZ
2025-05-22,BMBN
2025-05-22,NNOX
2025-05-22,MANU
2025-05-22,EVM
2025-05-22,CSWI
2025-05-22,BJ
2025-05-22,EVV
2025-05-22,INTU
2025-05-22,ADI
2025-05-22,AAP
2025-05-22,GCO
2025-05-22,CIBY
2025-05-22,BYFC
2025-05-22,ADSK
2025-05-22,RL
2025-05-22,EICCF
2025-05-22,SOTK
2025-05-22,CAAP
2025-05-22,TITN
2025-05-22,THR
2025-05-22,BKE
2025-05-22,LPG
2025-05-22,MOV
2025-05-22,WDAY
2025-05-22,PLUS
2025-05-22,TRIB
2025-05-22,CVCO
2025-05-22,STEP
2025-05-22,DECK
2025-05-22,CPRT
2025-05-22,IMG
2025-05-21,ESEA
2025-05-21,CATO
2025-05-21,SCVL
2025-05-21,CVAC
2025-05-21,SY
2025-05-21,SMID
2025-05-21,XPEV
2025-05-21,GOGL
2025-05-21,SNOW
2025-05-21,ELF
2025-05-21,ROST
2025-05-21,ATAT
2025-05-21,RAMP
2025-05-21,ZM
2025-05-21,MDT
2025-05-21,LOW
2025-05-21,BBY
2025-05-21,KNOP
2025-05-21,WIX
2025-05-21,PHBI
2025-05-21,DOMO
2025-05-21,URBN
2025-05-21,CUB
2025-05-21,BRGX
2025-05-21,BIDU
2025-05-21,RENE
2025-05-21,DY
2025-05-21,UWHR
2025-05-21,YI
2025-05-21,TJX
2025-05-21,GASS
2025-05-21,GNRV
2025-05-21,RCFAF
2025-05-21,HUIZ
2025-05-21,CLIR
2025-05-21,DRTS
2025-05-21,EVGN
2025-05-21,IQ
2025-05-21,TGT
2025-05-21,BORR
2025-05-21,ENS
2025-05-21,LX
2025-05-21,BZUN
2025-05-21,MDWD
2025-05-21,LVRO
2025-05-21,VFC
2025-05-21,GES
2025-05-20,EAXR
2025-05-20,UVV
2025-05-20,IHS
2025-05-20,SYPR
2025-05-20,NXTT
2025-05-20,CXAI
2025-05-20,FMTO
2025-05-20,NROM
2025-05-20,SBSAA
2025-05-20,TOFB
2025-05-20,TOON
2025-05-20,KEYS
2025-05-20,BILI
2025-05-20,YSG
2025-05-20,AS
2025-05-20,HTCR
2025-05-20,HOV
2025-05-20,CMUV
2025-05-20,CCIF
2025-05-20,INIS
2025-05-20,KNW
2025-05-20,VRDR
2025-05-20,PDD
2025-05-20,CNRD
2025-05-20,EARN
2025-05-20,HD
2025-05-20,ZUO
2025-05-20,WVVI
2025-05-20,ARBE
2025-05-20,BIOX
2025-05-20,HLYK
2025-05-20,AAPI
2025-05-20,XP
2025-05-20,VSAT
2025-05-20,REE
2025-05-20,AAME
2025-05-20,REX
2025-05-20,CTM
2025-05-20,SER
2025-05-20,PTN
2025-05-20,AUNA
2025-05-20,GMBL
2025-05-20,EP
2025-05-20,ENGC
2025-05-20,TOL
2025-05-20,NBIS
2025-05-20,PHIG
2025-05-20,EXP
2025-05-20,ELTK
2025-05-20,VIK
2025-05-20,CRGO
2025-05-20,MOD
2025-05-20,VIPS
2025-05-20,PANW
2025-05-20,WOOF
2025-05-20,OWPC
2025-05-20,POET
2025-05-20,BIAF
2025-05-20,MURA
2025-05-20,LION
2025-05-20,CLDI
2025-05-20,JFBC
2025-05-20,BNAI
2025-05-20,AGSS
2025-05-20,WSM
2025-05-20,API
2025-05-20,RNTX
2025-05-20,SIEB
2025-05-20,PRPH
2025-05-19,COSG
2025-05-19,IDR
2025-05-19,ZKH
2025-05-19,VINOQ
2025-05-19,CETY
2025-05-19,FSCO
2025-05-19,CVSI
2025-05-19,NNAX
2025-05-19,STRS
2025-05-19,EOI
2025-05-19,LTRY
2025-05-19,AGFY
2025-05-19,NEXI
2025-05-19,GHAV
2025-05-19,BATL
2025-05-19,DWSN
2025-05-19,HSAI
2025-05-19,FFLO
2025-05-19,DROR
2025-05-19,SPND
2025-05-19,AXIM
2025-05-19,SOHU
2025-05-19,ASTC
2025-05-19,CHCI
2025-05-19,NBND
2025-05-19,TATT
2025-05-19,VIDE
2025-05-19,COCP
2025-05-19,BZ
2025-05-19,GLSI
2025-05-19,SHOT
2025-05-19,WKHS
2025-05-19,XELB
2025-05-19,LICYF
2025-05-19,MJNA
2025-05-19,ESP
2025-05-19,PRST
2025-05-19,LNZA
2025-05-19,CHUC
2025-05-19,EGHT
2025-05-19,SABS
2025-05-19,BRN
2025-05-19,GILT
2025-05-19,GSL
2025-05-19,FTFT
2025-05-19,HMBL
2025-05-19,SCGX
2025-05-19,EIC
2025-05-19,EIM
2025-05-19,CRCW
2025-05-19,HYSR
2025-05-19,GTCH
2025-05-19,BSGM
2025-05-19,APYP
2025-05-19,AREC
2025-05-19,RASP
2025-05-19,SVT
2025-05-19,ASFT
2025-05-19,RVP
2025-05-19,WHEN
2025-05-19,SENR
2025-05-19,TRT
2025-05-19,PXS
2025-05-19,ORBT
2025-05-19,RDI
2025-05-19,FGF
2025-05-19,RVPH
2025-05-19,TH
2025-05-19,CELU
2025-05-19,KOAN
2025-05-19,IE
2025-05-19,ARKR
2025-05-19,DTGI
2025-05-19,CYCA
2025-05-19,YMM
2025-05-19,DYNR
2025-05-19,GWAV
2025-05-19,ANNA
2025-05-19,NIU
2025-05-19,OPTX
2025-05-19,CRVL
2025-05-19,USLG
2025-05-19,MGLD
2025-05-19,FONR
2025-05-19,SBFM
2025-05-19,EDUC
2025-05-19,ONCO
2025-05-19,VIVK
2025-05-19,CGEN
2025-05-19,TRNS
2025-05-19,XTIA
2025-05-19,LUVU
2025-05-19,MESA
2025-05-19,LIMX
2025-05-19,MNTN
2025-05-19,M
2025-05-19,VEEA
2025-05-19,GRAF
2025-05-19,CURR
2025-05-19,AONC
2025-05-19,ZIM
2025-05-19,AGYS
2025-05-19,SLGL
2025-05-19,SRSG
2025-05-19,DSAQ
2025-05-19,PED
2025-05-19,IVDA
2025-05-19,BTCS
2025-05-19,CANB
2025-05-19,NKGN
2025-05-19,ECC
2025-05-19,NTIP
2025-05-19,ORGS
2025-05-19,MINM
2025-05-19,CBAT
2025-05-19,BRVO
2025-05-19,GRYP
2025-05-19,OCFT
2025-05-19,SNRE
2025-05-19,GROM
2025-05-19,MCOM
2025-05-19,ZEPP
2025-05-19,RERE
2025-05-19,GURE
2025-05-19,DBGI
2025-05-19,BBW
2025-05-19,AGAE
2025-05-19,HEPA
2025-05-19,ARQQ
2025-05-19,YALA
2025-05-19,PUCK
2025-05-19,RBTC
2025-05-19,MARK
2025-05-19,OLB
2025-05-19,QFIN
2025-05-19,LZM
2025-05-19,CSSEQ
2025-05-19,GALT
2025-05-19,OMQS
2025-05-19,BKYI
2025-05-19,SUIC
2025-05-19,ADTX
2025-05-19,SB
2025-05-19,NIHK
2025-05-19,TUYA
2025-05-19,SJT
2025-05-19,PHGE
2025-05-19,PRKR
2025-05-18,ARTH
2025-05-17,RELI
2025-05-16,PDIV
2025-05-16,BRC
2025-05-16,MHH
2025-05-16,EMYB
2025-05-16,RBC
2025-05-16,CDRO
2025-05-16,FLO
2025-05-16,VNRX
2025-05-15,LTRN
2025-05-15,CAVA
2025-05-15,FSEN
2025-05-15,ORGN
2025-05-15,FLD
2025-05-15,VRAR
2025-05-15,SNYR
2025-05-15,GOAI
2025-05-15,LBUY
2025-05-15,RLX
2025-05-15,VTDRF
2025-05-15,SNFCA
2025-05-15,NITO
2025-05-15,OLVI
2025-05-15,TSHA
2025-05-15,JTAI
2025-05-15,AVRW
2025-05-15,TRAK
2025-05-15,ZK
2025-05-15,QUBT
2025-05-15,BCHT
2025-05-15,AMS
2025-05-15,WYY
2025-05-15,IPW
2025-05-15,SPCE
2025-05-15,DUOT
2025-05-15,TTWO
2025-05-15,SWKH
2025-05-15,PPSI
2025-05-15,CSIQ
2025-05-15,BPTH
2025-05-15,SCWO
2025-05-15,TLGYF
2025-05-15,ONDS
2025-05-15,GAMB
2025-05-15,DOCS
2025-05-15,PNRG
2025-05-15,RMSL
2025-05-15,VERO
2025-05-15,MRSN
2025-05-15,PVLA
2025-05-15,ILAL
2025-05-15,GOTU
2025-05-15,LFWD
2025-05-15,SRTS
2025-05-15,IVFH
2025-05-15,LVVV
2025-05-15,ISRL
2025-05-15,FGNV
2025-05-15,REE
2025-05-15,IMPP
2025-05-15,POCI
2025-05-15,TICA
2025-05-15,JKSM
2025-05-15,GOTU
2025-05-15,PPYA
2025-05-15,NRBT
2025-05-15,DGLY
2025-05-15,IPWR
2025-05-15,AMAT
2025-05-15,BTDR
2025-05-15,AREN
2025-05-15,WMT
2025-05-15,IVVD
2025-05-15,PORT
2025-05-15,SOAR
2025-05-15,GOSS
2025-05-15,TLSI
2025-05-15,WELNF
2025-05-15,LPTH
2025-05-15,LGCY
2025-05-15,TSSI
2025-05-15,SLE
2025-05-15,DE
2025-05-15,KULR
2025-05-15,ACOG
2025-05-15,NTES
2025-05-15,DTST
2025-05-15,FINV
2025-05-15,MRX
2025-05-15,BABA
2025-05-15,OMER
2025-05-15,GORV
2025-05-15,MITQ
2025-05-15,SRXH
2025-05-15,AENT
2025-05-15,BTM
2025-05-15,FBYD
2025-05-15,QSI
2025-05-15,BAP
2025-05-15,BTCT
2025-05-15,GTEC
2025-05-15,AIRI
2025-05-15,BLIN
2025-05-15,RNXT
2025-05-15,BTBT
2025-05-15,KORE
2025-05-15,ZK
2025-05-15,JSDA
2025-05-15,USEA
2025-05-15,WMS
2025-05-15,GLOB
2025-05-15,KSCP
2025-05-15,ICG
2025-05-15,THMO
2025-05-15,FSI
2025-05-15,PKE
2025-05-15,CAN
2025-05-15,VEON
2025-05-14,NSYS
2025-05-14,TOI
2025-05-14,OPTN
2025-05-14,ORKA
2025-05-14,CREX
2025-05-14,KNDI
2025-05-14,TENX
2025-05-14,ELDN
2025-05-14,ZPTA
2025-05-14,CTOR
2025-05-14,SNAL
2025-05-14,HTOO
2025-05-14,BODI
2025-05-14,COSM
2025-05-14,MGRM
2025-05-14,SLNCF
2025-05-14,NCNA
2025-05-14,LUXE
2025-05-14,LAZR
2025-05-14,MDXH
2025-05-14,ATER
2025-05-14,USAR
2025-05-14,KALA
2025-05-14,SKYX
2025-05-14,NVGS
2025-05-14,ANRO
2025-05-14,DESP
2025-05-14,CTXR
2025-05-14,KRNT
2025-05-14,CSCO
2025-05-14,TREP
2025-05-14,GWRS
2025-05-14,GLBE
2025-05-14,VERV
2025-05-14,NTWK
2025-05-14,BLGO
2025-05-14,AYTU
2025-05-14,MLSS
2025-05-14,ATAI
2025-05-14,CTSO
2025-05-14,GCTS
2025-05-14,CLSD
2025-05-14,NFE
2025-05-14,LVLU
2025-05-14,SCPH
2025-05-14,FIHL
2025-05-14,MIST
2025-05-14,INBX
2025-05-14,CCAP
2025-05-14,NXT
2025-05-14,GBR
2025-05-14,SPRY
2025-05-14,EDRY
2025-05-14,BCDA
2025-05-14,TSEM
2025-05-14,LIQT
2025-05-14,ICU
2025-05-14,CALC
2025-05-14,DRIO
2025-05-14,LEAT
2025-05-14,BNGO
2025-05-14,MDLM
2025-05-14,TBN
2025-05-14,REKR
2025-05-14,JOB
2025-05-14,REKR
2025-05-14,MTVA
2025-05-14,INZY
2025-05-14,INVZ
2025-05-14,DYAI
2025-05-14,VPRB
2025-05-14,IOR
2025-05-14,SDST
2025-05-14,NBRI
2025-05-14,BRTX
2025-05-14,CELC
2025-05-14,ZSPC
2025-05-14,EDAP
2025-05-14,AARD
2025-05-14,KBSR
2025-05-14,NKTX
2025-05-14,BMTX
2025-05-14,JACK
2025-05-14,PGNT
2025-05-14,RAFI
2025-05-14,SOL
2025-05-14,CLYM
2025-05-14,CELC
2025-05-14,CAAS
2025-05-14,SSY
2025-05-14,KAYS
2025-05-14,EDSA
2025-05-14,SHMN
2025-05-14,UNCY
2025-05-14,KMDA
2025-05-14,LMFA
2025-05-14,RBTK
2025-05-14,SSKN
2025-05-14,IPM
2025-05-14,CRWV
2025-05-14,ECIA
2025-05-14,ZNTL
2025-05-14,PGEN
2025-05-14,XOS
2025-05-14,ARCO
2025-05-14,BZAI
2025-05-14,GANX
2025-05-14,QMCI
2025-05-14,DVLT
2025-05-14,IOBT
2025-05-14,AEVA
2025-05-14,ZDPY
2025-05-14,IBTA
2025-05-14,LAR
2025-05-14,CDIO
2025-05-14,CANG
2025-05-14,TMC
2025-05-14,BOOT
2025-05-14,DT
2025-05-14,BNTC
2025-05-14,STE
2025-05-14,AZUL
2025-05-14,CTNM
2025-05-14,VKSC
2025-05-14,KOD
2025-05-14,SLAMF
2025-05-14,ANY
2025-05-14,DLO
2025-05-14,CABA
2025-05-14,EPSN
2025-05-14,SLNH
2025-05-14,HWKN
2025-05-14,LPA
2025-05-14,FVR
2025-05-14,BLBX
2025-05-14,ICCC
2025-05-14,IKT
2025-05-14,TETAA
2025-05-14,RCAT
2025-05-14,ACRV
2025-05-14,CSPI
2025-05-14,RDCM
2025-05-14,SPCB
2025-05-14,SLRN
2025-05-14,RSKD
2025-05-14,KARO
2025-05-14,CDXS
2025-05-14,GMER
2025-05-14,ELVN
2025-05-14,ADIL
2025-05-14,GROV
2025-05-14,ABUS
2025-05-14,CLBT
2025-05-14,CSWC
2025-05-14,STRR
2025-05-14,LDTC
2025-05-14,DAVA
2025-05-14,IREN
2025-05-14,CNTA
2025-05-14,YCBD
2025-05-14,AISP
2025-05-14,SOWG
2025-05-14,LIEN
2025-05-14,STCB
2025-05-14,MSPR
2025-05-14,SJ
2025-05-14,SDOT
2025-05-14,TLPH
2025-05-14,PYPD
2025-05-14,SCND
2025-05-14,INDP
2025-05-14,MMYT
2025-05-14,SBLK
2025-05-14,HWNI
2025-05-14,SEBC
2025-05-14,AFCG
2025-05-14,ISSC
2025-05-14,SFL
2025-05-14,USIO
2025-05-14,AYTU
2025-05-14,PDSB
2025-05-14,DERM
2025-05-14,BOXL
2025-05-14,KLRS
2025-05-14,TGI
2025-05-14,SHIM
2025-05-14,ALMS
2025-05-14,UHG
2025-05-14,REPL
2025-05-14,AIM
2025-05-14,FHTX
2025-05-14,SRRK
2025-05-14,OTLK
2025-05-14,SMTI
2025-05-14,EGAN
2025-05-14,ALUR
2025-05-14,LVTX
2025-05-14,ARL
2025-05-14,NEON
2025-05-14,SDHC
2025-05-14,DDS
2025-05-14,BOC
2025-05-14,SBET
2025-05-14,DXC
2025-05-14,EWCZ
2025-05-14,ADCT
2025-05-13,HYLN
2025-05-13,PXLW
2025-05-13,KINS
2025-05-13,ATXI
2025-05-13,MIGI
2025-05-13,NNUP
2025-05-13,OPXS
2025-05-13,IQST
2025-05-13,SPRO
2025-05-13,IWSH
2025-05-13,INO
2025-05-13,RBCN
2025-05-13,EBZT
2025-05-13,GENK
2025-05-13,KRMN
2025-05-13,ADAP
2025-05-13,CRKN
2025-05-13,GRAL
2025-05-13,MGX
2025-05-13,EQS
2025-05-13,KVAC
2025-05-13,MTEM
2025-05-13,ANEB
2025-05-13,VS
2025-05-13,TAIT
2025-05-13,SRFM
2025-05-13,INLX
2025-05-13,CLRB
2025-05-13,TNLX
2025-05-13,IXHL
2025-05-13,NTBLQ
2025-05-13,NXGL
2025-05-13,ALLO
2025-05-13,CNXX
2025-05-13,ICMB
2025-05-13,HBUV
2025-05-13,NU
2025-05-13,AGRI
2025-05-13,AVR
2025-05-13,PRLD
2025-05-13,VRME
2025-05-13,AEI
2025-05-13,MDIA
2025-05-13,APLT
2025-05-13,OGEN
2025-05-13,POLA
2025-05-13,SHIP
2025-05-13,BWEN
2025-05-13,ZVSA
2025-05-13,CARM
2025-05-13,AIOT
2025-05-13,XBIO
2025-05-13,ATXS
2025-05-13,RILY
2025-05-13,HSON
2025-05-13,RSLS
2025-05-13,NURO
2025-05-13,GAUZ
2025-05-13,SHWZ
2025-05-13,QNRX
2025-05-13,BTTC
2025-05-13,LCTC
2025-05-13,YMAB
2025-05-13,MHLD
2025-05-13,TTCFQ
2025-05-13,EVOK
2025-05-13,BCAX
2025-05-13,INTV
2025-05-13,OCLN
2025-05-13,NXL
2025-05-13,IVF
2025-05-13,TTNP
2025-05-13,DHCC
2025-05-13,FTHM
2025-05-13,PSFE
2025-05-13,CNSP
2025-05-13,CKPT
2025-05-13,TRVN
2025-05-13,PAGS
2025-05-13,SGLY
2025-05-13,TME
2025-05-13,CATV
2025-05-13,HUSA
2025-05-13,DMAC
2025-05-13,TPHS
2025-05-13,KPLT
2025-05-13,PAYD
2025-05-13,FGI
2025-05-13,PASG
2025-05-13,KANT
2025-05-13,SPRU
2025-05-13,UAA
2025-05-13,AAMCF
2025-05-13,DQWS
2025-05-13,LXRX
2025-05-13,KOPN
2025-05-13,CYTH
2025-05-13,BANT
2025-05-13,IZEA
2025-05-13,LUCD
2025-05-13,MBRX
2025-05-13,FLNT
2025-05-13,HYFM
2025-05-13,ALDS
2025-05-13,IGT
2025-05-13,CVM
2025-05-13,LCTX
2025-05-13,MGTX
2025-05-13,GPFT
2025-05-13,CFOO
2025-05-13,TNFA
2025-05-13,LOOP
2025-05-13,TGLO
2025-05-13,PXHI
2025-05-13,LTUM
2025-05-13,ALCO
2025-05-13,MREO
2025-05-13,PERI
2025-05-13,MSAI
2025-05-13,CVAT
2025-05-13,CNFN
2025-05-13,TCRT
2025-05-13,PKTX
2025-05-13,HUMA
2025-05-13,VERB
2025-05-13,AYRO
2025-05-13,SONN
2025-05-13,POAI
2025-05-13,OLMA
2025-05-13,AVXL
2025-05-13,IGMS
2025-05-13,CLPT
2025-05-13,BNET
2025-05-13,CINT
2025-05-13,ALT
2025-05-13,WHLT
2025-05-13,DARE
2025-05-13,REGX
2025-05-13,FLOC
2025-05-13,VCIG
2025-05-13,OPHC
2025-05-13,GTBP
2025-05-13,PNBK
2025-05-13,VG
2025-05-13,SLS
2025-05-13,ICAD
2025-05-13,AURX
2025-05-13,CMCT
2025-05-13,QPRC
2025-05-13,EDBL
2025-05-13,XWEL
2025-05-13,BCTF
2025-05-13,DAC
2025-05-13,SNAX
2025-05-13,MNOV
2025-05-13,KWIK
2025-05-13,AKA
2025-05-13,NERV
2025-05-13,RANI
2025-05-13,BEAT
2025-05-13,AIP
2025-05-13,EYEN
2025-05-13,GLTK
2025-05-13,VHC
2025-05-13,MOBQ
2025-05-13,ABOS
2025-05-13,CGON
2025-05-13,SLND
2025-05-13,SSTI
2025-05-13,RPTX
2025-05-13,TIL
2025-05-13,KZR
2025-05-13,SONM
2025-05-13,REED
2025-05-13,SLAB
2025-05-13,GEVO
2025-05-13,GIFT
2025-05-13,ETON
2025-05-13,RPMT
2025-05-13,IMTX
2025-05-13,QUIK
2025-05-13,LEGN
2025-05-13,COYA
2025-05-13,FBAK
2025-05-13,GFLT
2025-05-13,QURT
2025-05-13,TNON
2025-05-13,ULY
2025-05-13,VSTM
2025-05-13,NVFY
2025-05-13,RENB
2025-05-13,LBSR
2025-05-13,OKLO
2025-05-13,AKTX
2025-05-13,MHTX
2025-05-13,ONON
2025-05-13,LUNR
2025-05-13,SYTA
2025-05-13,ANVS
2025-05-13,CVU
2025-05-13,LSTR
2025-05-13,GEDC
2025-05-13,VYCO
2025-05-13,VISL
2025-05-13,LWAY
2025-05-13,CEOS
2025-05-13,OVID
2025-05-13,VLDX
2025-05-13,DLPN
2025-05-13,PBLA
2025-05-13,QNCX
2025-05-13,SURG
2025-05-13,MCVT
2025-05-13,SNRG
2025-05-13,GOGY
2025-05-13,HUYA
2025-05-13,VXRT
2025-05-13,HYPR
2025-05-13,VPLM
2025-05-13,EFSH
2025-05-13,NXEN
2025-05-13,CIPI
2025-05-13,ENSV
2025-05-13,ENVB
2025-05-13,XXII
2025-05-13,WDDD
2025-05-13,ACCS
2025-05-13,EVTV
2025-05-13,SOBR
2025-05-13,DJCO
2025-05-13,LQMT
2025-05-13,VASO
2025-05-13,MNPR
2025-05-13,BYSD
2025-05-13,DDI
2025-05-13,ICCT
2025-05-13,FLGC
2025-05-13,OMIC
2025-05-13,VANI
2025-05-13,EXEL
2025-05-13,BNZI
2025-05-13,NUWE
2025-05-13,VCNX
2025-05-13,FBIO
2025-05-13,AQB
2025-05-13,RLBY
2025-05-13,SSII
2025-05-13,RNGE
2025-05-13,LOAR
2025-05-13,ELMD
2025-05-13,UAVS
2025-05-13,APCX
2025-05-13,BUDZ
2025-05-13,DADA
2025-05-13,ELTX
2025-05-13,VSEE
2025-05-13,CAMT
2025-05-13,TACT
2025-05-13,FATE
2025-05-13,TPST
2025-05-13,WHLM
2025-05-13,MITI
2025-05-13,SEER
2025-05-13,PRTS
2025-05-13,SND
2025-05-13,BFRI
2025-05-13,NMTC
2025-05-13,CVV
2025-05-13,KTEL
2025-05-13,ACHV
2025-05-13,LGMK
2025-05-13,BSFC
2025-05-13,LYEL
2025-05-13,PIKM
2025-05-13,XSNX
2025-05-13,MPTI
2025-05-13,LPTX
2025-05-13,YTENQ
2025-05-13,BRST
2025-05-13,PLAG
2025-05-13,ZVRA
2025-05-13,RZLT
2025-05-13,SMLR
2025-05-13,DRRX
2025-05-13,CAPR
2025-05-13,RSRV
2025-05-13,GUTS
2025-05-13,CAMP
2025-05-13,SOHO
2025-05-13,FCUV
2025-05-13,MDAI
2025-05-13,AUID
2025-05-13,DMSLQ
2025-05-13,MMND
2025-05-13,MRKR
2025-05-13,QSEP
2025-05-13,BLTE
2025-05-13,EVFM
2025-05-13,LUCY
2025-05-13,GNSS
2025-05-13,LSMG
2025-05-13,ENSC
2025-05-13,KLC
2025-05-13,SMWB
2025-05-13,CLOQ
2025-05-13,WALD
2025-05-13,ABSI
2025-05-13,NIXX
2025-05-13,SVRA
2025-05-13,IPDN
2025-05-13,EVTL
2025-05-13,RLBD
2025-05-13,GCEH
2025-05-13,MCHX
2025-05-13,ARTL
2025-05-13,MFON
2025-05-13,BURU
2025-05-13,MGNX
2025-05-13,ERAS
2025-05-13,EPM
2025-05-13,TWFG
2025-05-13,LADX
2025-05-13,IBAC
2025-05-13,NUTX
2025-05-13,GOCO
2025-05-13,UONEK
2025-05-13,SLXN
2025-05-13,STOK
2025-05-13,MTR
2025-05-13,PTIX
2025-05-13,KCRD
2025-05-13,MBOT
2025-05-13,BICX
2025-05-13,ECG
2025-05-13,FENC
2025-05-13,CYBR
2025-05-13,CADL
2025-05-13,ASNS
2025-05-13,WINT
2025-05-13,FACO
2025-05-13,ANTX
2025-05-13,WBTN
2025-05-13,NAOV
2025-05-13,FKWL
2025-05-13,GLNS
2025-05-13,XELA
2025-05-13,XOMA
2025-05-13,SGRP
2025-05-13,JWSMF
2025-05-13,BLUAF
2025-05-13,RHE
2025-05-13,AVGR
2025-05-13,ATOS
2025-05-13,BDSX
2025-05-13,INTS
2025-05-13,MASS
2025-05-13,CSTAF
2025-05-13,SE
2025-05-13,MBIO
2025-05-13,CANN
2025-05-13,OCAX
2025-05-13,PRFX
2025-05-13,PSTV
2025-05-13,NPCE
2025-05-13,KYTX
2025-05-13,IDN
2025-05-13,VRCA
2025-05-13,CZBS
2025-05-13,AP
2025-05-13,TRAW
2025-05-13,NSTM
2025-05-13,IRIX
2025-05-13,ATNF
2025-05-13,ITRM
2025-05-13,BIORQ
2025-05-13,ABAT
2025-05-13,DTI
2025-05-12,SINT
2025-05-12,EXOD
2025-05-12,HOTH
2025-05-12,NVVE
2025-05-12,SLRN
2025-05-12,TVRD
2025-05-12,NRXS
2025-05-12,IMNN
2025-05-12,CRT
2025-05-12,GETY
2025-05-12,AVIR
2025-05-12,HFFG
2025-05-12,AKRO
2025-05-12,SOS
2025-05-12,WMK
2025-05-12,FTLF
2025-05-12,GPRO
2025-05-12,MSIF
2025-05-12,ACHR
2025-05-12,ISCO
2025-05-12,ESOA
2025-05-12,STLY
2025-05-12,NGS
2025-05-12,ATPC
2025-05-12,CLPR
2025-05-12,WHF
2025-05-12,APGE
2025-05-12,ANNX
2025-05-12,GOVX
2025-05-12,OPTN
2025-05-12,BLMH
2025-05-12,BETR
2025-05-12,METC
2025-05-12,CETX
2025-05-12,JAGX
2025-05-12,IAS
2025-05-12,SLRX
2025-05-12,XENE
2025-05-12,QRHC
2025-05-12,RGNX
2025-05-12,CYBL
2025-05-12,RBOT
2025-05-12,SFRX
2025-05-12,BEEP
2025-05-12,INM
2025-05-12,SION
2025-05-12,PMVCD
2025-05-12,GTHP
2025-05-12,ENTO
2025-05-12,MTSR
2025-05-12,SBH
2025-05-12,BLNK
2025-05-12,LXEO
2025-05-12,EDIT
2025-05-12,CMCL
2025-05-12,GULTU
2025-05-12,CHEV
2025-05-12,APTO
2025-05-12,PFHO
2025-05-12,KBDC
2025-05-12,ZIVO
2025-05-12,VYND
2025-05-12,BKKT
2025-05-12,SYRS
2025-05-12,ASTS
2025-05-12,RMTI
2025-05-12,WATT
2025-05-12,BIVI
2025-05-12,MODG
2025-05-12,GRTX
2025-05-12,IBIO
2025-05-12,ADIL
2025-05-12,BDL
2025-05-12,OCX
2025-05-12,AVTX
2025-05-12,VUZI
2025-05-12,CHGG
2025-05-12,FBRX
2025-05-12,PRSO
2025-05-12,BALY
2025-05-12,PALI
2025-05-12,MRVI
2025-05-12,DSS
2025-05-12,RWAY
2025-05-12,OBIO
2025-05-12,NUMD
2025-05-12,XNET
2025-05-12,ACAN
2025-05-12,ASRT
2025-05-12,MVIS
2025-05-12,MLNK
2025-05-12,SCM
2025-05-12,LIF
2025-05-12,CRTG
2025-05-12,LUXH
2025-05-12,ENTA
2025-05-12,NNVC
2025-05-12,GTLL
2025-05-12,CWCO
2025-05-12,AASP
2025-05-12,PSTX
2025-05-12,RPD
2025-05-12,HYZN
2025-05-12,BW
2025-05-12,AHNR
2025-05-12,CYCC
2025-05-12,CKX
2025-05-12,PRKA
2025-05-12,SISI
2025-05-12,LFT
2025-05-12,PGOL
2025-05-12,TFFP
2025-05-12,THMG
2025-05-12,SKYH
2025-05-12,EESE
2025-05-12,MAC
2025-05-12,DFCO
2025-05-12,LTBR
2025-05-12,CMPO
2025-05-12,SUP
2025-05-12,AMBC
2025-05-12,HRGN
2025-05-12,SWX
2025-05-12,WKSP
2025-05-12,CRDE
2025-05-12,NRDE
2025-05-12,SYBX
2025-05-12,NPWR
2025-05-12,GGROU
2025-05-12,PROK
2025-05-12,MFIC
2025-05-12,CREG
2025-05-12,CRVW
2025-05-12,KBLB
2025-05-12,SLQT
2025-05-12,KTTA
2025-05-12,SPG
2025-05-12,KANP
2025-05-12,RLEA
2025-05-12,UPXI
2025-05-12,RPAY
2025-05-12,HURA
2025-05-12,ERNA
2025-05-12,PMDI
2025-05-12,VFF
2025-05-12,OXLC
2025-05-12,PANL
2025-05-12,HTZ
2025-05-12,ECTM
2025-05-12,RVYL
2025-05-12,INVU
2025-05-12,SGRY
2025-05-12,TPIC
2025-05-12,HBIO
2025-05-12,SNDA
2025-05-12,PROP
2025-05-12,OZSC
2025-05-12,GRI
2025-05-12,CTRM
2025-05-12,ARWR
2025-05-12,PRSI
2025-05-12,OTRK
2025-05-12,CASI
2025-05-12,AVBP
2025-05-12,MMATQ
2025-05-12,IPSI
2025-05-12,VVOS
2025-05-12,BMTM
2025-05-12,AMPY
2025-05-12,NRG
2025-05-12,CPMV
2025-05-12,GOEVQ
2025-05-12,SVII
2025-05-12,DMTKQ
2025-05-12,INDI
2025-05-12,LASE
2025-05-12,AUPH
2025-05-12,MVST
2025-05-12,OPRX
2025-05-12,LIFD
2025-05-12,VOXX
2025-05-12,SVVC
2025-05-12,AIRJ
2025-05-12,MNDY
2025-05-12,PVCT
2025-05-12,NCRA
2025-05-12,URGN
2025-05-12,SILO
2025-05-12,AACG
2025-05-12,FGEN
2025-05-12,AGLY
2025-05-12,FECOF
2025-05-12,DNTH
2025-05-12,TGEN
2025-05-12,BDTX
2025-05-12,TGL
2025-05-12,CBNT
2025-05-12,MOTS
2025-05-12,MX
2025-05-12,ADSE
2025-05-12,CUE
2025-05-12,AUMN
2025-05-12,AIMD
2025-05-12,PSNY
2025-05-12,UTGN
2025-05-12,MLTX
2025-05-12,DTC
2025-05-12,CPSS
2025-05-12,RIBT
2025-05-12,MDXL
2025-05-12,GNPX
2025-05-12,PFLT
2025-05-12,DOLE
2025-05-12,LEGH
2025-05-12,TNXP
2025-05-12,UCL
2025-05-12,NEWH
2025-05-12,BATRA
2025-05-12,KNIT
2025-05-12,VTSI
2025-05-12,INR
2025-05-12,CTRI
2025-05-12,GLXZ
2025-05-12,NOTE
2025-05-12,CNFR
2025-05-12,CEAD
2025-05-12,BCO
2025-05-12,ACXP
2025-05-12,BHVN
2025-05-12,HOFV
2025-05-12,KITT
2025-05-12,VTLE
2025-05-12,RDGA
2025-05-12,BOLT
2025-05-12,TAPM
2025-05-12,OXBR
2025-05-12,BBLG
2025-05-12,ARCT
2025-05-12,BLDE
2025-05-12,BTAI
2025-05-12,RLMD
2025-05-12,AKTSQ
2025-05-12,SRAD
2025-05-12,DVA
2025-05-12,ACHC
2025-05-12,AGEN
2025-05-12,GRNQ
2025-05-12,CTMX
2025-05-12,CNTY
2025-05-12,FTEK
2025-05-12,SARO
2025-05-12,EFOI
2025-05-12,VINC
2025-05-12,APEI
2025-05-12,EVRI
2025-05-12,USEG
2025-05-12,WTRG
2025-05-12,PNNT
2025-05-12,KPTI
2025-05-12,PIAC
2025-05-12,FPAY
2025-05-12,FAVO
2025-05-12,ASYS
2025-05-12,RDW
2025-05-12,XTNT
2025-05-12,RSCF
2025-05-12,RGTI
2025-05-12,APRE
2025-05-12,BSEM
2025-05-12,MARPS
2025-05-12,EVEX
2025-05-12,XERI
2025-05-12,BCLI
2025-05-12,CRVO
2025-05-12,STXS
2025-05-12,SNTW
2025-05-12,PET
2025-05-12,YTFD
2025-05-12,ASPI
2025-05-12,IMNM
2025-05-12,PRT
2025-05-12,VINP
2025-05-12,BIOLQ
2025-05-12,ADV
2025-05-12,GCT
2025-05-12,MLYS
2025-05-12,AQST
2025-05-12,GBCS
2025-05-12,CULL
2025-05-12,INTR
2025-05-12,ACNT
2025-05-12,AAUAF
2025-05-12,INKT
2025-05-12,FF
2025-05-12,NRXP
2025-05-12,LAND
2025-05-12,IHRT
2025-05-12,AERG
2025-05-12,CAPC
2025-05-12,PHUN
2025-05-12,SDRL
2025-05-12,HPK
2025-05-12,TNGX
2025-05-12,ALTI
2025-05-12,SMR
2025-05-12,TELO
2025-05-12,CMRF
2025-05-12,DDD
2025-05-12,LSEA
2025-05-12,EUSP
2025-05-12,DDL
2025-05-12,MLP
2025-05-12,FTRE
2025-05-12,FENG
2025-05-12,SANW
2025-05-12,NMRA
2025-05-12,CPTN
2025-05-12,LINC
2025-05-12,PVL
2025-05-12,SGMO
2025-05-12,PAVM
2025-05-12,NRGV
2025-05-12,SQFT
2025-05-12,PMN
2025-05-12,BRLL
2025-05-12,FOXA
2025-05-12,PLUG
2025-05-12,POWI
2025-05-12,RICK
2025-05-12,MBX
2025-05-12,SEG
2025-05-12,AKYA
2025-05-12,MULN
2025-05-12,DTIL
2025-05-12,GRDN
2025-05-12,CMPD
2025-05-12,IDAI
2025-05-12,GAIA
2025-05-12,CHKR
2025-05-12,INTG
2025-05-12,ALLT
2025-05-12,AGRO
2025-05-12,PRKS
2025-05-12,CNBZ
2025-05-12,PETS
2025-05-12,CNNE
2025-05-12,UPLD
2025-05-12,PZG
2025-05-12,BLNE
2025-05-12,HGTXU
2025-05-12,INTI
2025-05-12,QTRX
2025-05-12,IBRX
2025-05-12,PRPO
2025-05-12,MRZM
2025-05-12,RLGT
2025-05-12,JSPR
2025-05-12,KSPI
2025-05-12,CHRS
2025-05-12,CRMZ
2025-05-12,OTLC
2025-05-12,ZI
2025-05-12,HNRG
2025-05-12,TG
2025-05-12,HGAS
2025-05-11,MDCX
2025-05-11,RDNT
2025-05-10,BDVC
2025-05-10,ECBK
2025-05-09,STRW
2025-05-09,QURE
2025-05-09,AMCX
2025-05-09,ULBI
2025-05-09,INUV
2025-05-09,MSGM
2025-05-09,OCGN
2025-05-09,GYRE
2025-05-09,SRNN
2025-05-09,ENTX
2025-05-09,GIPR
2025-05-09,PMVP
2025-05-09,AU
2025-05-09,PLX
2025-05-09,SHCO
2025-05-09,CRMZ
2025-05-09,LOGC
2025-05-09,KYMR
2025-05-09,WULF
2025-05-09,TASK
2025-05-09,SLVM
2025-05-09,CELZ
2025-05-09,TMLL
2025-05-09,TK
2025-05-09,NN
2025-05-09,PAGP
2025-05-09,CHTH
2025-05-09,DWTX
2025-05-09,ESNT
2025-05-09,ATHA
2025-05-09,PAA
2025-05-09,MTEX
2025-05-09,GAN
2025-05-09,STWD
2025-05-09,HE
2025-05-09,CAPS
2025-05-09,OB
2025-05-09,LDDD
2025-05-09,PULM
2025-05-09,BOLD
2025-05-09,FORA
2025-05-09,UI
2025-05-09,SRZN
2025-05-09,GOGO
2025-05-09,KOP
2025-05-09,AMR
2025-05-09,SNGX
2025-05-09,ELLH
2025-05-09,ATLX
2025-05-09,DIBS
2025-05-09,PYXS
2025-05-09,INOD
2025-05-09,SWTX
2025-05-09,SOC
2025-05-09,ANIP
2025-05-09,SATS
2025-05-09,ELSE
2025-05-09,RPID
2025-05-09,ANIK
2025-05-09,KPRX
2025-05-09,SGHC
2025-05-09,EMBC
2025-05-09,TLS
2025-05-09,ROAD
2025-05-09,NGNE
2025-05-09,TXNM
2025-05-09,NEOV
2025-05-09,CLMT
2025-05-09,NYC
2025-05-09,AGM
2025-05-09,ISPR
2025-05-09,EMMA
2025-05-09,BKV
2025-05-09,PAR
2025-05-09,MLCO
2025-05-08,PKST
2025-05-08,TCPC
2025-05-08,ATGE
2025-05-08,GROW
2025-05-08,LNG
2025-05-08,CDTX
2025-05-08,TGNA
2025-05-08,KOSS
2025-05-08,TRC
2025-05-08,LSTA
2025-05-08,EUBG
2025-05-08,FAT
2025-05-08,COLL
2025-05-08,CING
2025-05-08,XERS
2025-05-08,NB
2025-05-08,MCK
2025-05-08,CIA
2025-05-08,STHO
2025-05-08,BLFS
2025-05-08,QSR
2025-05-08,QTIH
2025-05-08,OCS
2025-05-08,HOWL
2025-05-08,ASPN
2025-05-08,RGLS
2025-05-08,RCKT
2025-05-08,ADVM
2025-05-08,GMED
2025-05-08,QXO
2025-05-08,AACT
2025-05-08,WVE
2025-05-08,LNSR
2025-05-08,ALEC
2025-05-08,CLFD
2025-05-08,KNIT
2025-05-08,INGM
2025-05-08,OMI
2025-05-08,TXG
2025-05-08,NUVR
2025-05-08,NCDL
2025-05-08,COMP
2025-05-08,EVC
2025-05-08,TARA
2025-05-08,HLVX
2025-05-08,HCI
2025-05-08,SKIN
2025-05-08,NXXT
2025-05-08,SRG
2025-05-08,ZIMV
2025-05-08,RUM
2025-05-08,DKNG
2025-05-08,NWBO
2025-05-08,SAMG
2025-05-08,NXDT
2025-05-08,TSQ
